peran,nama,nomor_hp,nomor_di_excel,dummy,pml,keterangan
PPL,Reini Clara Paulus,085394326990,62 853-9432-6990,,"Johanna Maria Farida Tampemawa, S.E.",
PPL,Farida Tampang,082196639300,62 821-9663-9300,,"Irene Ruth Longkutoy, SH",
PPL,Moh. Arifin Muliling,082292925125,62 822-9292-5125,,Aron Zyode Kaxanca Hasibuan,
PPL,Aurylio Teguh Tatontos,0895802022641,62 895-8020-22641,,"Maskhur Solikhudin, S.Tr.Stat.",
PPL,Jordio Jonathan Peterson Kukus,085240389757,62 852-4038-9757,,"Regina Pangau, A.Md.T",
PPL,Kezia Valen Debora Manu,0895395347549,62 895-3953-47549,,"Adeantiko Riza Febiunca, S.Si, M.M.",
PPL,Vivvine Jacobus Dame,082195640299,62 082-1956-40299,,"Muhammad Rifqi Mubarak, S.Tr.Stat.","Format ""62 082-1956-40299"" dirapikan menjadi 082195640299"
PPL,Meiling Kurniawati Siape,082293830081,62 822-9383-0081,,"Marlina Tuti Handayani, A.Md",
PPL,Kartika Christina kasim,085213431118,62 852-1343-1118,,"Santi Hayuning Putri, S.Tr.Stat.",
PPL,Muhammad Riyandi Sugeng Bin Karmat,087870101137,62 878-7010-1137,,"Maskhur Solikhudin, S.Tr.Stat.",
PPL,Ruth Papente,081340778127,62 813-4077-8127,,"Defi Astuti Anggraeni, S.Tr.Stat.",
PPL,Novita Theresia Karinda,081342198605,62 081-3421-98605,,"Santi Hayuning Putri, S.Tr.Stat.","Format ""62 081-3421-98605"" dirapikan menjadi 081342198605"
PPL,Andre Kaligis,085347203832,62 853-4720-3832,,"Muh. Miriansyah Putra Watupongoh, SS",
PPL,Roy Andreas Melville Makalew,081943588567,62 819-4358-8567,,ELRINI,
PPL,Gladys Vinnissia Lanny Tumilaar,081355915113,62 813-5591-5113,,ELRINI,
PPL,Sandri Mokoagow,082351308449,62 823-5130-8449,,VONNY,
PPL,Lestari Suhendri Tintingon,085299336334,62 085-2993-36334,,VONNY,"Format ""62 085-2993-36334"" dirapikan menjadi 085299336334"
PPL,Juliyanti Israely Langi,082341722227,62 823-4172-2227,,"Dian Teguh Prasetyo, S.Tr.Stat.",
PPL,Jacky Mario Sumual,085342895265,62 853-4289-5265,,"Marnita Simatupang, SST., M.Stat",
PPL,Kartika Constantia Yasin,081317979092,62 813-1797-9092,,"Windha Wijaya, SST",
PPL,Desti Aprilli Zefanya Kario,081340743914,62 813-4074-3914,,Yanti Jane Ivonne Kaeng,
PPL,Cecillia Venturini Artho,085254241279,62 852-5424-1279,,Natalia Ondang,
PPL,Prisila kristiani pangemanan,085340401551,62 853-4040-1551,,"Santje Magriet Prang, SE.",
PPL,Merlin Marselie Maleteng,085696553747,62 856-9655-3747,,Natalia Ondang,
PPL,Ervina Mongkau,085256302789,62 085-2563-02789,,"Afifah Syabaniah Sanubari Langkau, S.Stat.","Format ""62 085-2563-02789"" dirapikan menjadi 085256302789"
PPL,Maya Marlin Austin Rembet,081344487682,62 081-3444-87682,,"Agnes Marlise Oroh, S.M.","Format ""62 081-3444-87682"" dirapikan menjadi 081344487682"
PPL,Febriani Valentin Lantemona,081355313438,62 081-3553-13438,,"Rosmita Noor Arifah, S.Tr.Stat.","Format ""62 081-3553-13438"" dirapikan menjadi 081355313438"
PPL,Feibe Ireine Syalome Maramis,089501774084,62 895-0177-4084,,"Defi Astuti Anggraeni, S.Tr.Stat.",
PPL,Rolita Prisilia Mahalari,083132680921,62 831-3268-0921,,"Dading, S.Si",
PPL,Alvani Bregina Ngongoloy,082195029009,62 821-9502-9009,,"Jolly Jody Pesik, A.Md. Kom",
PPL,Glendy Queen Supit,0895396317688,62 895-3963-17688,,"Vivi Novita Sumampouw, SE",
PPL,Nova Meisye Angelina Tolu,082190041878,62 821-9004-1878,,"Salonica Oktaviani, SST",
PPL,Randhy Tahulending,089519432961,62 895-1943-2961,,"Erna Kusumawati, SST",
PPL,Henry Charles David Paat,088807019465,62 888-0701-9465,,"Vivi Novita Sumampouw, SE",
PPL,Evans Christio Bujung,082196654214,62 821-9665-4214,,"Prima Puspita Indra Murti, SST, M.Si.",
PPL,Eva Sari Yuliani Tambuwun,085757100134,62 857-5710-0134,,"Wardzatul Khoiriyah, A.Md.Kb.N.",
PPL,Novita Meita Walewangko,08887654811,62 525-5770-064,YA,Yanti Jane Ivonne Kaeng,Nomor HP tidak meyakinkan (bukan nomor seluler (62 525-5770-064)) - pakai nomor dummy
PPL,Adriana Tandaju,081242932021,62 081-2429-32021,,"Rahadita Nur Haida, S.Tr.Stat.","Format ""62 081-2429-32021"" dirapikan menjadi 081242932021"
PPL,Sheren Gabriella Alfeniar Kodongan,085242697842,62 852-4269-7842,,"Ilham Alifian Firmansyah, S.Tr.Stat.",
PPL,Livi Ifta Pangalila,085396265044,62 853-9626-5044,,Jusran,
PPL,Julin Maloransa,085256561895,62 852-5656-1895,,"Yunanda Angelia Sinurat, S.Tr.Stat.",
PPL,Zullasri Muliling,085161622626,62 851-6162-2626,,"Ponimin, S.Tr.Stat.",
PPL,Valen Barry Palandi,082153509368,62 821-5350-9368,,"Satria June Adwendi, SST, M.Si.",
PPL,Sentha Sisilia Rondonuwu,082343818538,62 823-4381-8538,,"Joice Juliana Koyongian, S.M.",
PPL,Susly Yuliana Senewe,081340704900,62 813-4070-4900,,"Weny Fitrah Anwari, S.Tr.Stat.",
PPL,Adinda Natasya Rahmawati Hulu,0895323939654,62 895-3239-39654,,"Weny Fitrah Anwari, S.Tr.Stat.",
PPL,Giovany Mayong Koagow,089501854817,62 895-0185-4817,,"Dwiwandi Alfa Sekeon, S.Tr.Stat.",
PPL,Suriaty Hadji Ali,081245077802,62 812-4507-7802,,"Novert Cyril Lengkong, S.Tr.Stat.",
PPL,Susi Indriyani,081245029155,62 812-4502-9155,,"Frisda Arisanti Tarigan, S.E.",
PPL,AUDI AVRI HENRY SINGAL,082191900935,62 821-9190-0935,,"Friska Patricia Raintung, S.E.",
PPL,Esther Angle Sepang,082193629092,62 821-9362-9092,,"Abdul Aziz Makhrus, S.Tr.Stat.",
PPL,SRI RETNO PUSPITO,085342398626,62 853-4239-8626,,"Nurul Fatmah Khoiriah, A.Md.S.I.Ak.",
PPL,Aerlangga Marfellino Rafael Wullur,085183012754,62 851-8301-2754,,"Rikky Marco Williem Jotam Rugian, S.M",
PPL,Cendy Merry Tumbelaka,089698216216,62 896-9821-6216,,"Tri Hidayati, S.Si",
PPL,Stivano Farlan J Komaling,085241013632,62 852-4101-3632,,Roy Samalukang,
PPL,Marlin. T. O. Kario,0895360354517,62 089-5360-35451,,Jusran,"Format ""62 089-5360-35451"" dirapikan menjadi 089536035451; Nomor Excel 089536035451 terpotong; dipakai nomor dari data sensus 0895360354517"
PPL,Pieter Henky Boas Ratulangie Palenewen,082292000957,62 822-9200-0957,,Rahmadi,
PPL,Marian Sonia Polii,082271663272,62 822-7166-3272,,"Insan Riski Dwi Perdana, S.Tr.Stat.",
PPL,Patricia Sukma Langit,0895322430935,62 895-3224-30935,,"Kannia Amielsa Shanenda, S.Tr.Stat.",
PPL,Samria Thalib,085222741662,62 852-2274-1662,,"Ricky, A.Md",
PPL,Priska Sarayar,085176744372,62 851-7674-4372,,"Ricky, A.Md",
PPL,Novelya Friska Datangmanis,089672754922,62 896-7275-4922,,"Nurfadhila Fahmi Utami, S.Stat.",
PPL,Margareth Mesianas Eklesiola Jacobus,0895396492606,62 895-3964-92606,,"Muhammad Alifh, A.Md.Stat.",
PPL,Tirza Lapian,0895355189790,62 895-3551-89790,,"Kannia Amielsa Shanenda, S.Tr.Stat.",
PPL,Fily Sepang,085397300031,62 853-9730-0031,,"Steven Kalvin Montolalu, S.E.",
PPL,Fino Priyanto,087739743084,62 877-3974-3084,,Stella Rumangkang,
PPL,Prayshe Karyn Lelet,0895802071524,62 895-8020-71524,,Stella Rumangkang,
PPL,JOVELIE EVALYN WOKAS,085254414276,62 852-5441-4276,,"Priska Harto Lolowang, SH",
PPL,ISMAIL YAMA,081949971910,62 819-4997-1910,,"Yola Christin Larinse, SST",
PPL,Roy Rotinsulu,08114311203,62 811-4311-203,,"Anggit Prihatmaja, S.Tr.Stat.",
PPL,Christy Junitri Enoch,082251855658,62 822-5185-5658,,"Mustika Aridya Arum, A.Md.Kb.N.",
PPL,Sri Mulyawati,081143201160,62 811-4320-1160,,"Putri Sekarsinung, S.Tr.Stat.",
PPL,Fence Wangka,082345024696,62 823-4502-4696,,"Eldorado Alfu Ilmy, S.Tr.Stat.",
PPL,Tellya mawarsari behamtimbangen janis,08987772390,62 898-7772-390 (+17 variasi),,"Eldorado Alfu Ilmy, S.Tr.Stat.","Nomor di Excel tidak seragam (18 variasi, kode negara ter-autofill 62..79); dipakai versi kode 62"
PPL,Rosita Napu,085256131422,62 085-2561-31422,,"Daniel Tri Hemawan, SE","Format ""62 085-2561-31422"" dirapikan menjadi 085256131422"
PPL,Owvler Jefersen Sinaulan,08999204667,62 899-9204-667,,"Anggit Prihatmaja, S.Tr.Stat.",
PPL,Maria Francisca Maun,085255559499,62 085-2555-59499,,"Piky Pomantow, A.Md. Kom","Format ""62 085-2555-59499"" dirapikan menjadi 085255559499"
PPL,Stellah Sara Mayfie Manolong,085256496949,62 852-5649-6949,,"Muhammad Raihan Abhirama, S.Tr.Stat",
PPL,Pingkan Winda Sarayar,085394084322,62 853-9408-4322,,"Michelle Jessica Suprapto, S.Psi",
PPL,Nurhayanti Towuri,089676649571,62 896-7664-9571,,Nikmah,
PPL,Djurnia Tumaloto,089697995943,62 896-9799-5943,,Nikmah,
PPL,Winda Devika Mahmud,089658762244,62 896-5876-2244,,"Danty Welmin Yoshida Fatima, S.Tr.Stat.",
PPL,Verena Aurelia Katiandagho,087840487644,62 878-4048-7644,,Enggelin,
PPL,Veysi Sonya Sorongan,082213222700,62 822-1322-2700,,Enggelin,
PPL,Inka Gabriella t bataha,083156900703,62 831-5690-0703,,Stella Rumangkang,
PPL,Sharon Ribka Berikang,085240658352,62 852-4065-8352,,"Jermias Oscar Jeffry Sahambangun, SE",
PPL,Ivanna Tresnawati Sarindat,081344225459,62 813-4422-5459,,"Mariane Esther Rantung, SST",
PPL,Geraldy Adnan Putra Langkameri,083121644531,62 831-2164-4531,,"Cynthia Dwi Setyarini, S.Tr.Stat.",
PPL,Agus Brian Bee,082188596423,62 082-1885-96423,,"Rikky Marco Williem Jotam Rugian, S.M","Format ""62 082-1885-96423"" dirapikan menjadi 082188596423"
PPL,Jeane Josefin Arundaa,081351252705,62 081-3512-52705,,Sastadeferah Risab,"Format ""62 081-3512-52705"" dirapikan menjadi 081351252705"
PPL,Nadillah Ahaya,085823524836,62 858-2352-4836,,Sastadeferah Risab,
PPL,Atria Sari Juwita Umar,081346616661,62 813-4661-6661,,Lazia Outenty,
PPL,Freeska Jeynesti Nicolaas,0882021206051,62 882-0212-06051,,Lazia Outenty,
PPL,Andika Eka Putra Maaruf,081341237886,62 813-4123-7886,,"Radjid Dwi Iskandar, S.M.",
PPL,Adhan Yeremia Alhasni,085397192322,62 853-9719-2322,,"Tiara Dameani, S.ST",
PPL,Bunga chantika khanza gobel,087886629819,62 878-8662-9819,,"Nurul Hayati Unonongo, SST",
PPL,Nanda Pahude,088801011300,62 888-0101-1300,,"Christian Leonardo Pratama Tamboto, S.Tr.Stat.",
PPL,Fadisti Prameswari Hursan,085756884493,62 857-5688-4493,,Sastadeferah Risab,
PPL,Junianty Talita Tamasalang,083133967007,62 831-3396-7007,,"Nurul Hidayah, S.Tr.Stat.",
PPL,Angelina Stevany Mare,082347343696,62 823-4734-3696,,"Laily Agustina Bestari, S.Tr.Stat",
PPL,Nindi Prasetiya W. Maanaiya,085299447380,62 852-9944-7380,,"Agus Purwandi, S.Kom",
PPL,Friska Ali,081240271652,62 812-4027-1652,,"Denis Diego Kaparang, S.A.P",
PPL,Meyriska Cindy Horopu,0895395404210,62 895-3954-04210,,"Zaenuri Putro Utomo, S.Si., M.Eng.",
PPL,TEKLA RENTOR,081943446158,62 819-4344-6158,,"Wisnu Triaji, SE",
PPL,Veinny E Pirasat,085256840887,62 852-5684-0887,,"Samuelin Caroles Pandelaki, A.Md.Stat.",
PPL,Nalaratipinatatanda,082194879138,62 821-9487-9138,,"Bregitta Sisilia Lasut, SS",
PPL,Lady Silvana Wongkar,081340006022,62 813-4000-6022,,Stela Engeline Doris Lomboan,
PPL,Kartika Pajow,085696153768,62 856-9615-3768,,"Yuan Philips Gigir, A.Md.Ak.",
PPL,Meike Marta Tuuk,085397323406,62 085-3973-23406,,"Munawir Kobis, SST","Format ""62 085-3973-23406"" dirapikan menjadi 085397323406"
PPL,Grace Shallomita Novelia Thomas,087856917972,62 878-5691-7972,,"Munawir Kobis, SST",
PPL,Alfira Matheos,087755089495,62 087-7550-89495,,"Munawir Kobis, SST","Format ""62 087-7550-89495"" dirapikan menjadi 087755089495"
PPL,Organik BPS Manado (Dummy),08887654811,,YA,Belum Ditentukan (Dummy) - Mapanget,"Di file alokasi revisit tertulis ""Organik BPS MAnado"" tanpa nomor HP - PPL dummy"
PPL,Belum Ditentukan (Dummy) - Sumompo Lingkungan 4,08887654811,,YA,Sastadeferah Risab,Di file alokasi revisit kolom PPL kosong - PPL dummy
PML,"Johanna Maria Farida Tampemawa, S.E.",08887654811,,YA,,Nomor HP PML tidak tersedia di file alokasi revisit - pakai nomor dummy
PML,"Irene Ruth Longkutoy, SH",08887654811,,YA,,Nomor HP PML tidak tersedia di file alokasi revisit - pakai nomor dummy
PML,Aron Zyode Kaxanca Hasibuan,08887654811,,YA,,Nomor HP PML tidak tersedia di file alokasi revisit - pakai nomor dummy
PML,"Maskhur Solikhudin, S.Tr.Stat.",08887654811,,YA,,Nomor HP PML tidak tersedia di file alokasi revisit - pakai nomor dummy
PML,"Regina Pangau, A.Md.T",08887654811,,YA,,Nomor HP PML tidak tersedia di file alokasi revisit - pakai nomor dummy
PML,"Adeantiko Riza Febiunca, S.Si, M.M.",08887654811,,YA,,Nomor HP PML tidak tersedia di file alokasi revisit - pakai nomor dummy
PML,"Muhammad Rifqi Mubarak, S.Tr.Stat.",08887654811,,YA,,Nomor HP PML tidak tersedia di file alokasi revisit - pakai nomor dummy
PML,"Marlina Tuti Handayani, A.Md",08887654811,,YA,,Nomor HP PML tidak tersedia di file alokasi revisit - pakai nomor dummy
PML,"Santi Hayuning Putri, S.Tr.Stat.",08887654811,,YA,,Nomor HP PML tidak tersedia di file alokasi revisit - pakai nomor dummy
PML,"Defi Astuti Anggraeni, S.Tr.Stat.",08887654811,,YA,,Nomor HP PML tidak tersedia di file alokasi revisit - pakai nomor dummy
PML,"Muh. Miriansyah Putra Watupongoh, SS",08887654811,,YA,,Nomor HP PML tidak tersedia di file alokasi revisit - pakai nomor dummy
PML,ELRINI,081356371932,081356371932,,,Nomor HP diambil dari data KOSEKA (Elrini Wuisan)
PML,VONNY,08887654811,,YA,,Nomor HP PML tidak tersedia di file alokasi revisit - pakai nomor dummy
PML,"Dian Teguh Prasetyo, S.Tr.Stat.",08887654811,,YA,,Nomor HP PML tidak tersedia di file alokasi revisit - pakai nomor dummy
PML,"Marnita Simatupang, SST., M.Stat",08887654811,,YA,,Nomor HP PML tidak tersedia di file alokasi revisit - pakai nomor dummy
PML,"Windha Wijaya, SST",08887654811,,YA,,Nomor HP PML tidak tersedia di file alokasi revisit - pakai nomor dummy
PML,Yanti Jane Ivonne Kaeng,08887654811,,YA,,Nomor HP PML tidak tersedia di file alokasi revisit - pakai nomor dummy
PML,Natalia Ondang,085240951187,085240951187,,,Nomor HP diambil dari data KOSEKA (Natalia Ondang)
PML,"Santje Magriet Prang, SE.",08887654811,,YA,,Nomor HP PML tidak tersedia di file alokasi revisit - pakai nomor dummy
PML,"Afifah Syabaniah Sanubari Langkau, S.Stat.",08887654811,,YA,,Nomor HP PML tidak tersedia di file alokasi revisit - pakai nomor dummy
PML,"Agnes Marlise Oroh, S.M.",08887654811,,YA,,Nomor HP PML tidak tersedia di file alokasi revisit - pakai nomor dummy
PML,"Rosmita Noor Arifah, S.Tr.Stat.",08887654811,,YA,,Nomor HP PML tidak tersedia di file alokasi revisit - pakai nomor dummy
PML,"Dading, S.Si",08887654811,,YA,,Nomor HP PML tidak tersedia di file alokasi revisit - pakai nomor dummy
PML,"Jolly Jody Pesik, A.Md. Kom",08887654811,,YA,,Nomor HP PML tidak tersedia di file alokasi revisit - pakai nomor dummy
PML,"Vivi Novita Sumampouw, SE",082291244474,082291244474,,,Nomor HP diambil dari data KOSEKA (Vivi Sumampouw)
PML,"Salonica Oktaviani, SST",08887654811,,YA,,Nomor HP PML tidak tersedia di file alokasi revisit - pakai nomor dummy
PML,"Erna Kusumawati, SST",08887654811,,YA,,Nomor HP PML tidak tersedia di file alokasi revisit - pakai nomor dummy
PML,"Prima Puspita Indra Murti, SST, M.Si.",08887654811,,YA,,Nomor HP PML tidak tersedia di file alokasi revisit - pakai nomor dummy
PML,"Wardzatul Khoiriyah, A.Md.Kb.N.",08887654811,,YA,,Nomor HP PML tidak tersedia di file alokasi revisit - pakai nomor dummy
PML,"Rahadita Nur Haida, S.Tr.Stat.",081218312695,081218312695,,,Nomor HP diambil dari data KOSEKA (Rahadita Nur Haida)
PML,"Ilham Alifian Firmansyah, S.Tr.Stat.",08887654811,,YA,,Nomor HP PML tidak tersedia di file alokasi revisit - pakai nomor dummy
PML,Jusran,08887654811,,YA,,Nomor HP PML tidak tersedia di file alokasi revisit - pakai nomor dummy
PML,"Yunanda Angelia Sinurat, S.Tr.Stat.",08887654811,,YA,,Nomor HP PML tidak tersedia di file alokasi revisit - pakai nomor dummy
PML,"Ponimin, S.Tr.Stat.",08887654811,,YA,,Nomor HP PML tidak tersedia di file alokasi revisit - pakai nomor dummy
PML,"Satria June Adwendi, SST, M.Si.",08887654811,,YA,,Nomor HP PML tidak tersedia di file alokasi revisit - pakai nomor dummy
PML,"Joice Juliana Koyongian, S.M.",08887654811,,YA,,Nomor HP PML tidak tersedia di file alokasi revisit - pakai nomor dummy
PML,"Weny Fitrah Anwari, S.Tr.Stat.",08887654811,,YA,,Nomor HP PML tidak tersedia di file alokasi revisit - pakai nomor dummy
PML,"Dwiwandi Alfa Sekeon, S.Tr.Stat.",08887654811,,YA,,Nomor HP PML tidak tersedia di file alokasi revisit - pakai nomor dummy
PML,"Novert Cyril Lengkong, S.Tr.Stat.",08887654811,,YA,,Nomor HP PML tidak tersedia di file alokasi revisit - pakai nomor dummy
PML,"Frisda Arisanti Tarigan, S.E.",08887654811,,YA,,Nomor HP PML tidak tersedia di file alokasi revisit - pakai nomor dummy
PML,"Friska Patricia Raintung, S.E.",08887654811,,YA,,Nomor HP PML tidak tersedia di file alokasi revisit - pakai nomor dummy
PML,"Abdul Aziz Makhrus, S.Tr.Stat.",08887654811,,YA,,Nomor HP PML tidak tersedia di file alokasi revisit - pakai nomor dummy
PML,"Nurul Fatmah Khoiriah, A.Md.S.I.Ak.",08887654811,,YA,,Nomor HP PML tidak tersedia di file alokasi revisit - pakai nomor dummy
PML,"Rikky Marco Williem Jotam Rugian, S.M",08887654811,,YA,,Nomor HP PML tidak tersedia di file alokasi revisit - pakai nomor dummy
PML,"Tri Hidayati, S.Si",08887654811,,YA,,Nomor HP PML tidak tersedia di file alokasi revisit - pakai nomor dummy
PML,Roy Samalukang,08887654811,,YA,,Nomor HP PML tidak tersedia di file alokasi revisit - pakai nomor dummy
PML,Rahmadi,081340016816,081340016816,,,Nomor HP diambil dari data KOSEKA (Rahmadi)
PML,"Insan Riski Dwi Perdana, S.Tr.Stat.",08887654811,,YA,,Nomor HP PML tidak tersedia di file alokasi revisit - pakai nomor dummy
PML,"Kannia Amielsa Shanenda, S.Tr.Stat.",08887654811,,YA,,Nomor HP PML tidak tersedia di file alokasi revisit - pakai nomor dummy
PML,"Ricky, A.Md",082194605040,082194605040,,,Nomor HP diambil dari data KOSEKA (Ricky Sethaan)
PML,"Nurfadhila Fahmi Utami, S.Stat.",08887654811,,YA,,Nomor HP PML tidak tersedia di file alokasi revisit - pakai nomor dummy
PML,"Muhammad Alifh, A.Md.Stat.",08887654811,,YA,,Nomor HP PML tidak tersedia di file alokasi revisit - pakai nomor dummy
PML,"Steven Kalvin Montolalu, S.E.",08887654811,,YA,,Nomor HP PML tidak tersedia di file alokasi revisit - pakai nomor dummy
PML,Stella Rumangkang,08887654811,,YA,,Nomor HP PML tidak tersedia di file alokasi revisit - pakai nomor dummy
PML,"Priska Harto Lolowang, SH",08887654811,,YA,,Nomor HP PML tidak tersedia di file alokasi revisit - pakai nomor dummy
PML,"Yola Christin Larinse, SST",08887654811,,YA,,Nomor HP PML tidak tersedia di file alokasi revisit - pakai nomor dummy
PML,"Anggit Prihatmaja, S.Tr.Stat.",08887654811,,YA,,Nomor HP PML tidak tersedia di file alokasi revisit - pakai nomor dummy
PML,"Mustika Aridya Arum, A.Md.Kb.N.",08887654811,,YA,,Nomor HP PML tidak tersedia di file alokasi revisit - pakai nomor dummy
PML,"Putri Sekarsinung, S.Tr.Stat.",08887654811,,YA,,Nomor HP PML tidak tersedia di file alokasi revisit - pakai nomor dummy
PML,"Eldorado Alfu Ilmy, S.Tr.Stat.",08887654811,,YA,,Nomor HP PML tidak tersedia di file alokasi revisit - pakai nomor dummy
PML,"Daniel Tri Hemawan, SE",08887654811,,YA,,Nomor HP PML tidak tersedia di file alokasi revisit - pakai nomor dummy
PML,"Piky Pomantow, A.Md. Kom",08887654811,,YA,,Nomor HP PML tidak tersedia di file alokasi revisit - pakai nomor dummy
PML,"Muhammad Raihan Abhirama, S.Tr.Stat",08887654811,,YA,,Nomor HP PML tidak tersedia di file alokasi revisit - pakai nomor dummy
PML,"Michelle Jessica Suprapto, S.Psi",08887654811,,YA,,Nomor HP PML tidak tersedia di file alokasi revisit - pakai nomor dummy
PML,Nikmah,08887654811,,YA,,Nomor HP PML tidak tersedia di file alokasi revisit - pakai nomor dummy
PML,"Danty Welmin Yoshida Fatima, S.Tr.Stat.",08887654811,,YA,,Nomor HP PML tidak tersedia di file alokasi revisit - pakai nomor dummy
PML,Enggelin,085696534693,085696534693,,,Nomor HP diambil dari data KOSEKA (Enggelin Wongkar)
PML,"Jermias Oscar Jeffry Sahambangun, SE",08887654811,,YA,,Nomor HP PML tidak tersedia di file alokasi revisit - pakai nomor dummy
PML,"Mariane Esther Rantung, SST",08887654811,,YA,,Nomor HP PML tidak tersedia di file alokasi revisit - pakai nomor dummy
PML,"Cynthia Dwi Setyarini, S.Tr.Stat.",08887654811,,YA,,Nomor HP PML tidak tersedia di file alokasi revisit - pakai nomor dummy
PML,Sastadeferah Risab,085240688282,085240688282,,,Nomor HP diambil dari data KOSEKA (Sastadeferah Risab)
PML,Lazia Outenty,08887654811,,YA,,Nomor HP PML tidak tersedia di file alokasi revisit - pakai nomor dummy
PML,"Radjid Dwi Iskandar, S.M.",08887654811,,YA,,Nomor HP PML tidak tersedia di file alokasi revisit - pakai nomor dummy
PML,"Tiara Dameani, S.ST",08887654811,,YA,,Nomor HP PML tidak tersedia di file alokasi revisit - pakai nomor dummy
PML,"Nurul Hayati Unonongo, SST",08887654811,,YA,,Nomor HP PML tidak tersedia di file alokasi revisit - pakai nomor dummy
PML,"Christian Leonardo Pratama Tamboto, S.Tr.Stat.",08887654811,,YA,,Nomor HP PML tidak tersedia di file alokasi revisit - pakai nomor dummy
PML,"Nurul Hidayah, S.Tr.Stat.",08887654811,,YA,,Nomor HP PML tidak tersedia di file alokasi revisit - pakai nomor dummy
PML,"Laily Agustina Bestari, S.Tr.Stat",08887654811,,YA,,Nomor HP PML tidak tersedia di file alokasi revisit - pakai nomor dummy
PML,"Agus Purwandi, S.Kom",08887654811,,YA,,Nomor HP PML tidak tersedia di file alokasi revisit - pakai nomor dummy
PML,"Denis Diego Kaparang, S.A.P",08887654811,,YA,,Nomor HP PML tidak tersedia di file alokasi revisit - pakai nomor dummy
PML,"Zaenuri Putro Utomo, S.Si., M.Eng.",08887654811,,YA,,Nomor HP PML tidak tersedia di file alokasi revisit - pakai nomor dummy
PML,"Wisnu Triaji, SE",08887654811,,YA,,Nomor HP PML tidak tersedia di file alokasi revisit - pakai nomor dummy
PML,"Samuelin Caroles Pandelaki, A.Md.Stat.",08887654811,,YA,,Nomor HP PML tidak tersedia di file alokasi revisit - pakai nomor dummy
PML,"Bregitta Sisilia Lasut, SS",08887654811,,YA,,Nomor HP PML tidak tersedia di file alokasi revisit - pakai nomor dummy
PML,Stela Engeline Doris Lomboan,08887654811,,YA,,Nomor HP PML tidak tersedia di file alokasi revisit - pakai nomor dummy
PML,"Yuan Philips Gigir, A.Md.Ak.",08887654811,,YA,,Nomor HP PML tidak tersedia di file alokasi revisit - pakai nomor dummy
PML,"Munawir Kobis, SST",082114605766,082114605766,,,Nomor HP diambil dari data KOSEKA (Munawir Kobis)
PML,Belum Ditentukan (Dummy) - Mapanget,08887654811,,YA,,Wilayah tanpa PML revisit di file alokasi - PML dummy
